{
	"info": {
		"_postman_id": "855b35e7-213b-428b-ad8c-761d90df4668",
		"name": "drill",
		"schema": "https://schema.getpostman.com/json/collection/v2.1.0/collection.json"
	},
	"item": [
		{
			"name": "dispatch-action-single-agent",
			"item": [
				{
					"name": "start-session",
					"event": [
						{
							"listen": "test",
							"script": {
								"id": "c0ed7d12-0e90-45d9-a8e1-fb63d7b6da1e",
								"exec": [
									"var jsonData = JSON.parse(responseBody);\r",
									"console.log(responseBody);\r",
									"pm.environment.set(\"drill_session_id\", jsonData.data.payload.sessionId)"
								],
								"type": "text/javascript"
							}
						},
						{
							"listen": "prerequest",
							"script": {
								"id": "592eab73-4d41-46e3-b08a-1f973b94dc43",
								"exec": [
									""
								],
								"type": "text/javascript"
							}
						}
					],
					"request": {
						"auth": {
							"type": "bearer",
							"bearer": [
								{
									"key": "token",
									"value": "{{drill_token}}",
									"type": "string"
								}
							]
						},
						"method": "POST",
						"header": [],
						"body": {
							"mode": "raw",
							"raw": "{type: \"START\", payload: {testType: \"MANUAL\"}}",
							"options": {
								"raw": {
									"language": "json"
								}
							}
						},
						"url": {
							"raw": "http://localhost:8090/api/agents/{{agentId}}/plugins/test2code/dispatch-action",
							"protocol": "http",
							"host": [
								"localhost"
							],
							"port": "8090",
							"path": [
								"api",
								"agents",
								"{{agentId}}",
								"plugins",
								"test2code",
								"dispatch-action"
							]
						}
					},
					"response": []
				},
				{
					"name": "stop-session",
					"request": {
						"auth": {
							"type": "bearer",
							"bearer": [
								{
									"key": "token",
									"value": "{{drill_token}}",
									"type": "string"
								}
							]
						},
						"method": "POST",
						"header": [],
						"body": {
							"mode": "raw",
							"raw": "{\n    \"type\": \"STOP\",\n    \"payload\": {\n        \"sessionId\": \"{{drill_session_id}}\"\n    }\n}",
							"options": {
								"raw": {
									"language": "json"
								}
							}
						},
						"url": {
							"raw": "http://localhost:8090/api/agents/{{agentId}}/plugins/test2code/dispatch-action",
							"protocol": "http",
							"host": [
								"localhost"
							],
							"port": "8090",
							"path": [
								"api",
								"agents",
								"{{agentId}}",
								"plugins",
								"test2code",
								"dispatch-action"
							]
						}
					},
					"response": []
				},
				{
					"name": "finish-scope",
					"request": {
						"auth": {
							"type": "bearer",
							"bearer": [
								{
									"key": "token",
									"value": "{{drill_token}}",
									"type": "string"
								}
							]
						},
						"method": "POST",
						"header": [],
						"body": {
							"mode": "raw",
							"raw": "{\"type\":\"SWITCH_ACTIVE_SCOPE\",\"payload\":{\"scopeName\":\"\",\"prevScopeEnabled\":true,\"savePrevScope\":true}}",
							"options": {
								"raw": {
									"language": "json"
								}
							}
						},
						"url": {
							"raw": "http://localhost:8090/api/agents/{{agentId}}/plugins/test2code/dispatch-action",
							"protocol": "http",
							"host": [
								"localhost"
							],
							"port": "8090",
							"path": [
								"api",
								"agents",
								"{{agentId}}",
								"plugins",
								"test2code",
								"dispatch-action"
							]
						}
					},
					"response": []
				},
				{
					"name": "cansel-session",
					"request": {
						"auth": {
							"type": "bearer",
							"bearer": [
								{
									"key": "token",
									"value": "{{drill_token}}",
									"type": "string"
								}
							]
						},
						"method": "POST",
						"header": [],
						"body": {
							"mode": "raw",
							"raw": "{\"type\":\"CANCEL\",\"payload\":{\"sessionId\":\"{{drill_session_id}}\"}}",
							"options": {
								"raw": {
									"language": "json"
								}
							}
						},
						"url": {
							"raw": "http://localhost:8090/api/agents/{{agentId}}/plugins/test2code/dispatch-action",
							"protocol": "http",
							"host": [
								"localhost"
							],
							"port": "8090",
							"path": [
								"api",
								"agents",
								"{{agentId}}",
								"plugins",
								"test2code",
								"dispatch-action"
							]
						}
					},
					"response": []
				}
			],
			"protocolProfileBehavior": {}
		},
		{
			"name": "sample-test-requests",
			"item": [
				{
					"name": "homepage",
					"request": {
						"method": "GET",
						"header": [
							{
								"key": "drill-session-id",
								"value": "{{drill_session_id}}",
								"type": "text"
							},
							{
								"key": "drill-test-name",
								"value": "Some test",
								"type": "text"
							},
							{
								"key": "drill-test-type",
								"value": "MANUAL",
								"type": "text"
							}
						],
						"url": {
							"raw": "http://localhost:8080",
							"protocol": "http",
							"host": [
								"localhost"
							],
							"port": "8080"
						}
					},
					"response": []
				}
			],
			"event": [
				{
					"listen": "prerequest",
					"script": {
						"id": "2151934f-2deb-4c65-871b-f9d0e6f327c0",
						"type": "text/javascript",
						"exec": [
							""
						]
					}
				},
				{
					"listen": "test",
					"script": {
						"id": "a20bba6d-ae5d-4deb-a202-6aa27e474947",
						"type": "text/javascript",
						"exec": [
							""
						]
					}
				}
			],
			"protocolProfileBehavior": {}
		},
		{
			"name": "common-requests",
			"item": [
				{
					"name": "register-agent",
					"event": [
						{
							"listen": "prerequest",
							"script": {
								"id": "8c139696-2397-4e46-ab87-3b886bed78c0",
								"exec": [
									""
								],
								"type": "text/javascript"
							}
						}
					],
					"request": {
						"auth": {
							"type": "bearer",
							"bearer": [
								{
									"key": "token",
									"value": "{{drill_token}}",
									"type": "string"
								}
							]
						},
						"method": "PATCH",
						"header": [],
						"body": {
							"mode": "raw",
							"raw": "{\r\n  \"name\": \"Petclinic\",\r\n  \"description\": \"Simple web service\",\r\n  \"environment\": \"\",\r\n  \"packagesPrefixes\": [\r\n    \"org/springframework/samples/petclinic\"\r\n  ],\r\n  \"sessionIdHeaderName\": \"\",\r\n  \"plugins\": [\r\n    \"test2code\"\r\n  ]\r\n}",
							"options": {
								"raw": {
									"language": "json"
								}
							}
						},
						"url": {
							"raw": "http://localhost:8090/api/agents/{{agentId}}",
							"protocol": "http",
							"host": [
								"localhost"
							],
							"port": "8090",
							"path": [
								"api",
								"agents",
								"{{agentId}}"
							]
						}
					},
					"response": []
				},
				{
					"name": "agent-logging-levels",
					"request": {
						"auth": {
							"type": "bearer",
							"bearer": [
								{
									"key": "token",
									"value": "{{drill_token}}",
									"type": "string"
								}
							]
						},
						"method": "PUT",
						"header": [],
						"body": {
							"mode": "raw",
							"raw": "{\n\t \"warn\": true,\n    \"info\": true,\n    \"debug\": false,\n    \"trace\": false,\n    \"error\": true\n}",
							"options": {
								"raw": {
									"language": "json"
								}
							}
						},
						"url": {
							"raw": "http://localhost:8090/api/agents/{{agentId}}/logging",
							"protocol": "http",
							"host": [
								"localhost"
							],
							"port": "8090",
							"path": [
								"api",
								"agents",
								"{{agentId}}",
								"logging"
							]
						}
					},
					"response": []
				},
				{
					"name": "login",
					"event": [
						{
							"listen": "test",
							"script": {
								"id": "58782f1b-e973-4f7e-8241-2f85504398c4",
								"exec": [
									"pm.environment.set(\"drill_token\", pm.response.headers.get(\"Authorization\"));"
								],
								"type": "text/javascript"
							}
						}
					],
					"request": {
						"method": "POST",
						"header": [],
						"body": {
							"mode": "raw",
							"raw": "{\r\n  \"name\": \"guest\",\r\n  \"password\": \"\"\r\n}",
							"options": {
								"raw": {
									"language": "json"
								}
							}
						},
						"url": {
							"raw": "http://localhost:8090/api/login",
							"protocol": "http",
							"host": [
								"localhost"
							],
							"port": "8090",
							"path": [
								"api",
								"login"
							]
						}
					},
					"response": []
				}
			],
			"protocolProfileBehavior": {}
		}
	],
	"event": [
		{
			"listen": "prerequest",
			"script": {
				"id": "4192a798-e81b-4298-88f8-259e4247788e",
				"type": "text/javascript",
				"exec": [
					""
				]
			}
		},
		{
			"listen": "test",
			"script": {
				"id": "57a85b97-5241-4a7f-a68c-71025771cbb1",
				"type": "text/javascript",
				"exec": [
					""
				]
			}
		}
	],
	"protocolProfileBehavior": {}
}