{
	"info": {
		"_postman_id": "855b35e7-213b-428b-ad8c-761d90df4668",
		"name": "drill",
		"schema": "https://schema.getpostman.com/json/collection/v2.1.0/collection.json"
	},
	"item": [
		{
			"name": "dispatch-action-single-agent",
			"item": [
				{
					"name": "start-session",
					"event": [
						{
							"listen": "test",
							"script": {
								"id": "c0ed7d12-0e90-45d9-a8e1-fb63d7b6da1e",
								"exec": [
									"var jsonData = JSON.parse(responseBody);\r",
									"console.log(responseBody);\r",
									"pm.environment.set(\"drill_session_id\", jsonData.data.payload.sessionId)"
								],
								"type": "text/javascript"
							}
						},
						{
							"listen": "prerequest",
							"script": {
								"id": "592eab73-4d41-46e3-b08a-1f973b94dc43",
								"exec": [
									""
								],
								"type": "text/javascript"
							}
						}
					],
					"request": {
						"auth": {
							"type": "bearer",
							"bearer": [
								{
									"key": "token",
									"value": "{{drill_token}}",
									"type": "string"
								}
							]
						},
						"method": "POST",
						"header": [],
						"body": {
							"mode": "raw",
							"raw": "{\r\n    \"type\": \"START\",\r\n    \"payload\": {\r\n        \"testType\": \"MANUAL\",\r\n        \"isRealtime\": true\r\n    }\r\n}",
							"options": {
								"raw": {
									"language": "json"
								}
							}
						},
						"url": {
							"raw": "http://localhost:8090/api/agents/{{agentId}}/plugins/test2code/dispatch-action",
							"protocol": "http",
							"host": [
								"localhost"
							],
							"port": "8090",
							"path": [
								"api",
								"agents",
								"{{agentId}}",
								"plugins",
								"test2code",
								"dispatch-action"
							]
						}
					},
					"response": []
				},
				{
					"name": "stop-session",
					"request": {
						"auth": {
							"type": "bearer",
							"bearer": [
								{
									"key": "token",
									"value": "{{drill_token}}",
									"type": "string"
								}
							]
						},
						"method": "POST",
						"header": [],
						"body": {
							"mode": "raw",
							"raw": "{\n    \"type\": \"STOP\",\n    \"payload\": {\n        \"sessionId\": \"{{drill_session_id}}\"\n    }\n}",
							"options": {
								"raw": {
									"language": "json"
								}
							}
						},
						"url": {
							"raw": "http://localhost:8090/api/agents/{{agentId}}/plugins/test2code/dispatch-action",
							"protocol": "http",
							"host": [
								"localhost"
							],
							"port": "8090",
							"path": [
								"api",
								"agents",
								"{{agentId}}",
								"plugins",
								"test2code",
								"dispatch-action"
							]
						}
					},
					"response": []
				},
				{
					"name": "finish-scope",
					"request": {
						"auth": {
							"type": "bearer",
							"bearer": [
								{
									"key": "token",
									"value": "{{drill_token}}",
									"type": "string"
								}
							]
						},
						"method": "POST",
						"header": [],
						"body": {
							"mode": "raw",
							"raw": "{\r\n    \"type\": \"SWITCH_ACTIVE_SCOPE\",\r\n    \"payload\": {\r\n        \"scopeName\": \"\",\r\n        \"prevScopeEnabled\": true,\r\n        \"savePrevScope\": true\r\n    }\r\n}",
							"options": {
								"raw": {
									"language": "json"
								}
							}
						},
						"url": {
							"raw": "http://localhost:8090/api/agents/{{agentId}}/plugins/test2code/dispatch-action",
							"protocol": "http",
							"host": [
								"localhost"
							],
							"port": "8090",
							"path": [
								"api",
								"agents",
								"{{agentId}}",
								"plugins",
								"test2code",
								"dispatch-action"
							]
						}
					},
					"response": []
				},
				{
					"name": "cansel-session",
					"request": {
						"auth": {
							"type": "bearer",
							"bearer": [
								{
									"key": "token",
									"value": "{{drill_token}}",
									"type": "string"
								}
							]
						},
						"method": "POST",
						"header": [],
						"body": {
							"mode": "raw",
							"raw": "{\r\n    \"type\": \"CANCEL\",\r\n    \"payload\": {\r\n        \"sessionId\": \"{{drill_session_id}}\"\r\n    }\r\n}",
							"options": {
								"raw": {
									"language": "json"
								}
							}
						},
						"url": {
							"raw": "http://localhost:8090/api/agents/{{agentId}}/plugins/test2code/dispatch-action",
							"protocol": "http",
							"host": [
								"localhost"
							],
							"port": "8090",
							"path": [
								"api",
								"agents",
								"{{agentId}}",
								"plugins",
								"test2code",
								"dispatch-action"
							]
						}
					},
					"response": []
				},
				{
					"name": "configure-quality-gate",
					"request": {
						"auth": {
							"type": "bearer",
							"bearer": [
								{
									"key": "token",
									"value": "{{drill_token}}",
									"type": "string"
								}
							]
						},
						"method": "POST",
						"header": [],
						"body": {
							"mode": "raw",
							"raw": "{\r\n    \"type\": \"UPDATE_SETTINGS\",\r\n    \"payload\": [\r\n        {\r\n            \"type\": \"condition\",\r\n            \"enabled\": true,\r\n            \"condition\": {\r\n                \"measure\": \"coverage\",\r\n                \"operator\": \"GT\",\r\n                \"value\": 80\r\n            }\r\n        },\r\n        {\r\n            \"type\": \"condition\",\r\n            \"enabled\": true,\r\n            \"condition\": {\r\n                \"measure\": \"risks\",\r\n                \"operator\": \"LTE\",\r\n                \"value\": 0\r\n            }\r\n        },\r\n        {\r\n            \"type\": \"condition\",\r\n            \"enabled\": true,\r\n            \"condition\": {\r\n                \"measure\": \"tests\",\r\n                \"operator\": \"LTE\",\r\n                \"value\": 0\r\n            }\r\n        }\r\n    ]\r\n}",
							"options": {
								"raw": {
									"language": "json"
								}
							}
						},
						"url": {
							"raw": "http://localhost:8090/api/agents/{{agentId}}/plugins/test2code/dispatch-action",
							"protocol": "http",
							"host": [
								"localhost"
							],
							"port": "8090",
							"path": [
								"api",
								"agents",
								"{{agentId}}",
								"plugins",
								"test2code",
								"dispatch-action"
							]
						}
					},
					"response": []
				}
			],
			"protocolProfileBehavior": {}
		},
		{
			"name": "sample-test-requests",
			"item": [
				{
					"name": "homepage",
					"request": {
						"method": "GET",
						"header": [
							{
								"key": "drill-session-id",
								"value": "{{drill_session_id}}",
								"type": "text"
							},
							{
								"key": "drill-test-name",
								"value": "Some test",
								"type": "text"
							},
							{
								"key": "drill-test-type",
								"value": "MANUAL",
								"type": "text"
							}
						],
						"url": {
							"raw": "http://localhost:8080",
							"protocol": "http",
							"host": [
								"localhost"
							],
							"port": "8080"
						}
					},
					"response": []
				}
			],
			"event": [
				{
					"listen": "prerequest",
					"script": {
						"id": "2151934f-2deb-4c65-871b-f9d0e6f327c0",
						"type": "text/javascript",
						"exec": [
							""
						]
					}
				},
				{
					"listen": "test",
					"script": {
						"id": "a20bba6d-ae5d-4deb-a202-6aa27e474947",
						"type": "text/javascript",
						"exec": [
							""
						]
					}
				}
			],
			"protocolProfileBehavior": {}
		},
		{
			"name": "common-requests",
			"item": [
				{
					"name": "register-agent",
					"event": [
						{
							"listen": "prerequest",
							"script": {
								"id": "8c139696-2397-4e46-ab87-3b886bed78c0",
								"exec": [
									""
								],
								"type": "text/javascript"
							}
						},
						{
							"listen": "test",
							"script": {
								"id": "f37c6ab4-2e43-4bc8-a935-c3e52cd2960a",
								"exec": [
									"if(pm.response.to.have.status(200)){\r",
									"pm.environment.set(\"defined_type\", \"agents\");\r",
									"pm.environment.set(\"defined_id\", \"{{agentId}}\");\r",
									"}"
								],
								"type": "text/javascript"
							}
						}
					],
					"request": {
						"auth": {
							"type": "bearer",
							"bearer": [
								{
									"key": "token",
									"value": "{{drill_token}}",
									"type": "string"
								}
							]
						},
						"method": "PATCH",
						"header": [],
						"body": {
							"mode": "raw",
							"raw": "{\r\n  \"name\": \"Petclinic\",\r\n  \"description\": \"Simple web service\",\r\n  \"environment\": \"\",\r\n  \"systemSettings\": {\r\n    \"packages\": [\r\n      \"org/springframework/samples/petclinic\"\r\n    ],\r\n    \"sessionIdHeaderName\": \"\",\r\n    \"targetHost\": \"localhost:8080\"\r\n  },\r\n  \"plugins\": [\r\n    \"test2code\"\r\n  ]\r\n}",
							"options": {
								"raw": {
									"language": "json"
								}
							}
						},
						"url": {
							"raw": "http://localhost:8090/api/agents/{{agentId}}",
							"protocol": "http",
							"host": [
								"localhost"
							],
							"port": "8090",
							"path": [
								"api",
								"agents",
								"{{agentId}}"
							]
						}
					},
					"response": []
				},
				{
					"name": "agent-logging-levels",
					"request": {
						"auth": {
							"type": "bearer",
							"bearer": [
								{
									"key": "token",
									"value": "{{drill_token}}",
									"type": "string"
								}
							]
						},
						"method": "PUT",
						"header": [],
						"body": {
							"mode": "raw",
							"raw": "{\n    \"level\": \"DEBUG\"\n}",
							"options": {
								"raw": {
									"language": "json"
								}
							}
						},
						"url": {
							"raw": "http://localhost:8090/api/agents/{{agentId}}/logging",
							"protocol": "http",
							"host": [
								"localhost"
							],
							"port": "8090",
							"path": [
								"api",
								"agents",
								"{{agentId}}",
								"logging"
							]
						}
					},
					"response": []
				},
				{
					"name": "login",
					"event": [
						{
							"listen": "test",
							"script": {
								"id": "58782f1b-e973-4f7e-8241-2f85504398c4",
								"exec": [
									"pm.environment.set(\"drill_token\", pm.response.headers.get(\"Authorization\"));"
								],
								"type": "text/javascript"
							}
						}
					],
					"request": {
						"method": "POST",
						"header": [],
						"body": {
							"mode": "raw",
							"raw": "{\r\n  \"name\": \"guest\",\r\n  \"password\": \"\"\r\n}",
							"options": {
								"raw": {
									"language": "json"
								}
							}
						},
						"url": {
							"raw": "http://localhost:8090/api/login",
							"protocol": "http",
							"host": [
								"localhost"
							],
							"port": "8090",
							"path": [
								"api",
								"login"
							]
						}
					},
					"response": []
				},
				{
					"name": "register-service-group",
					"event": [
						{
							"listen": "test",
							"script": {
								"id": "c365feda-33bd-49fd-9f72-edf75deb530d",
								"exec": [
									"if(pm.response.to.have.status(200)){\r",
									"pm.environment.set(\"defined_type\", \"service-groups\");\r",
									"pm.environment.set(\"defined_id\", \"{{service_group}}\");\r",
									"}"
								],
								"type": "text/javascript"
							}
						}
					],
					"request": {
						"auth": {
							"type": "bearer",
							"bearer": [
								{
									"key": "token",
									"value": "{{drill_token}}",
									"type": "string"
								}
							]
						},
						"method": "PATCH",
						"header": [],
						"body": {
							"mode": "raw",
							"raw": "{\r\n  \"name\": \"Petclinic\",\r\n  \"description\": \"Simple web service\",\r\n  \"environment\": \"\",\r\n  \"systemSettings\": {\r\n    \"packages\": [\r\n      \"org/springframework/samples/petclinic\"\r\n    ],\r\n    \"sessionIdHeaderName\": \"\",\r\n    \"targetHost\": \"localhost:8080\"\r\n  },\r\n  \"plugins\": [\r\n    \"test2code\"\r\n  ]\r\n}",
							"options": {
								"raw": {
									"language": "json"
								}
							}
						},
						"url": {
							"raw": "http://localhost:8090/api/service-groups/{{service_group}}",
							"protocol": "http",
							"host": [
								"localhost"
							],
							"port": "8090",
							"path": [
								"api",
								"service-groups",
								"{{service_group}}"
							]
						}
					},
					"response": []
				},
				{
					"name": "service-group-update-settings",
					"request": {
						"auth": {
							"type": "bearer",
							"bearer": [
								{
									"key": "token",
									"value": "{{drill_token}}",
									"type": "string"
								}
							]
						},
						"method": "PUT",
						"header": [],
						"body": {
							"mode": "raw",
							"raw": "{\r\n  \"packages\": [\r\n    \"org/springframework/samples/petclinic\",\r\n    \"some/package\",\r\n    \"org/example/package\"\r\n  ],\r\n  \"sessionIdHeaderName\": \"some session id header name\",\r\n  \"targetHost\": \"localhost:8080\"\r\n}",
							"options": {
								"raw": {
									"language": "json"
								}
							}
						},
						"url": {
							"raw": "http://localhost:8090/api/service-groups/{{service_group}}/system-settings",
							"protocol": "http",
							"host": [
								"localhost"
							],
							"port": "8090",
							"path": [
								"api",
								"service-groups",
								"{{service_group}}",
								"system-settings"
							]
						}
					},
					"response": []
				},
				{
					"name": "agent-update-setting",
					"request": {
						"auth": {
							"type": "bearer",
							"bearer": [
								{
									"key": "token",
									"value": "{{drill_token}}",
									"type": "string"
								}
							]
						},
						"method": "PUT",
						"header": [],
						"body": {
							"mode": "raw",
							"raw": "{\r\n  \"packages\": [\r\n    \"org/springframework/samples/petclinic\"\r\n  ],\r\n  \"sessionIdHeaderName\": \"some session id header name\",\r\n  \"targetHost\": \"localhost:8080\"\r\n}",
							"options": {
								"raw": {
									"language": "json"
								}
							}
						},
						"url": {
							"raw": "http://localhost:8090/api/agents/{{agentId}}/system-settings",
							"protocol": "http",
							"host": [
								"localhost"
							],
							"port": "8090",
							"path": [
								"api",
								"agents",
								"{{agentId}}",
								"system-settings"
							]
						}
					},
					"response": []
				}
			],
			"protocolProfileBehavior": {}
		},
		{
			"name": "dispatch-action-sevice-group",
			"item": [
				{
					"name": "start-session",
					"event": [
						{
							"listen": "test",
							"script": {
								"id": "029ea257-077f-493d-abb4-86e54b040d9d",
								"exec": [
									"var jsonData = JSON.parse(responseBody);\r",
									"console.log(responseBody);\r",
									"pm.environment.set(\"drill_session_id\", jsonData[0].data.payload.sessionId)"
								],
								"type": "text/javascript"
							}
						}
					],
					"request": {
						"auth": {
							"type": "bearer",
							"bearer": [
								{
									"key": "token",
									"value": "{{drill_token}}",
									"type": "string"
								}
							]
						},
						"method": "POST",
						"header": [],
						"body": {
							"mode": "raw",
							"raw": "{\r\n    \"type\": \"START\",\r\n    \"payload\": {\r\n        \"testType\": \"MANUAL\",\r\n        \"isRealtime\": true\r\n    }\r\n}",
							"options": {
								"raw": {
									"language": "json"
								}
							}
						},
						"url": {
							"raw": "http://localhost:8090/api/service-groups/{{service_group}}/plugins/test2code/dispatch-action",
							"protocol": "http",
							"host": [
								"localhost"
							],
							"port": "8090",
							"path": [
								"api",
								"service-groups",
								"{{service_group}}",
								"plugins",
								"test2code",
								"dispatch-action"
							]
						}
					},
					"response": []
				},
				{
					"name": "stop-session",
					"request": {
						"auth": {
							"type": "bearer",
							"bearer": [
								{
									"key": "token",
									"value": "{{drill_token}}",
									"type": "string"
								}
							]
						},
						"method": "POST",
						"header": [],
						"body": {
							"mode": "raw",
							"raw": "{\r\n    \"type\": \"STOP\",\r\n    \"payload\": {\r\n        \"sessionId\": \"{{drill_session_id}}\"\r\n    }\r\n}",
							"options": {
								"raw": {
									"language": "json"
								}
							}
						},
						"url": {
							"raw": "http://localhost:8090/api/service-groups/{{service_group}}/plugins/test2code/dispatch-action",
							"protocol": "http",
							"host": [
								"localhost"
							],
							"port": "8090",
							"path": [
								"api",
								"service-groups",
								"{{service_group}}",
								"plugins",
								"test2code",
								"dispatch-action"
							]
						}
					},
					"response": []
				},
				{
					"name": "cansel-session",
					"request": {
						"auth": {
							"type": "bearer",
							"bearer": [
								{
									"key": "token",
									"value": "{{drill_token}}",
									"type": "string"
								}
							]
						},
						"method": "POST",
						"header": [],
						"body": {
							"mode": "raw",
							"raw": "{\r\n    \"type\": \"CANCEL\",\r\n    \"payload\": {\r\n        \"sessionId\": \"{{drill_session_id}}\"\r\n    }\r\n}",
							"options": {
								"raw": {
									"language": "json"
								}
							}
						},
						"url": {
							"raw": "http://localhost:8090/api/service-groups/{{service_group}}/plugins/test2code/dispatch-action",
							"protocol": "http",
							"host": [
								"localhost"
							],
							"port": "8090",
							"path": [
								"api",
								"service-groups",
								"{{service_group}}",
								"plugins",
								"test2code",
								"dispatch-action"
							]
						}
					},
					"response": []
				},
				{
					"name": "finish-scopes",
					"request": {
						"auth": {
							"type": "bearer",
							"bearer": [
								{
									"key": "token",
									"value": "{{drill_token}}",
									"type": "string"
								}
							]
						},
						"method": "POST",
						"header": [],
						"body": {
							"mode": "raw",
							"raw": "{\r\n    \"type\": \"SWITCH_ACTIVE_SCOPE\",\r\n    \"payload\": {\r\n        \"scopeName\": \"\",\r\n        \"prevScopeEnabled\": true,\r\n        \"savePrevScope\": true\r\n    }\r\n}",
							"options": {
								"raw": {
									"language": "json"
								}
							}
						},
						"url": {
							"raw": "http://localhost:8090/api/service-groups/{{service_group}}/plugins/test2code/dispatch-action",
							"protocol": "http",
							"host": [
								"localhost"
							],
							"port": "8090",
							"path": [
								"api",
								"service-groups",
								"{{service_group}}",
								"plugins",
								"test2code",
								"dispatch-action"
							]
						}
					},
					"response": []
				}
			],
			"event": [
				{
					"listen": "prerequest",
					"script": {
						"id": "14ef853e-cde6-4222-87f2-d71877d4f146",
						"type": "text/javascript",
						"exec": [
							""
						]
					}
				},
				{
					"listen": "test",
					"script": {
						"id": "2dbcea56-415d-435a-ab63-ecf6d856a6c9",
						"type": "text/javascript",
						"exec": [
							""
						]
					}
				}
			],
			"protocolProfileBehavior": {}
		}
	],
	"event": [
		{
			"listen": "prerequest",
			"script": {
				"id": "4192a798-e81b-4298-88f8-259e4247788e",
				"type": "text/javascript",
				"exec": [
					""
				]
			}
		},
		{
			"listen": "test",
			"script": {
				"id": "57a85b97-5241-4a7f-a68c-71025771cbb1",
				"type": "text/javascript",
				"exec": [
					""
				]
			}
		}
	],
	"protocolProfileBehavior": {}
}