{
	"id": "eae6d309-139f-47e0-aa27-d1389ee7f94f",
	"name": "drill",
	"values": [
		{
			"key": "agentId",
			"value": "Petclinic",
			"enabled": true
		},
		{
			"key": "service_group",
			"value": "pet-mcr",
			"enabled": true
		},
		{
			"key": "drill_token",
			"value": "",
			"enabled": true
		},
		{
			"key": "drill_session_id",
			"value": "",
			"enabled": true
		}
	],
	"_postman_variable_scope": "environment",
	"_postman_exported_at": "2020-08-07T10:27:17.671Z",
	"_postman_exported_using": "Postman/7.29.1"
}